{
"skeleton": { "hash": "sXeqAFNEZBgauSQKAwPnRpg5yLw", "spine": "3.8.75", "images": ["R04900_Gift.png"] },
"bones": [
	{ "name": "root" },
	{ "name": "bone", "parent": "root", "length": 294.81, "rotation": 93.05, "x": 50.94, "y": -332.47 },
	{ "name": "bone2", "parent": "bone", "length": 60.3, "rotation": -13.87, "x": 294.81 },
	{ "name": "bone3", "parent": "bone", "length": 38.03, "rotation": -113.14, "x": 245.98, "y": -48.86 },
	{ "name": "bone4", "parent": "bone3", "length": 207.88, "rotation": -55.34, "x": 38.03 },
	{ "name": "bone5", "parent": "bone4", "length": 42.33, "rotation": 22.07, "x": 207.88 },
	{ "name": "bone6", "parent": "bone2", "length": 213.01, "rotation": 9.35, "x": -9.07, "y": 10.33 },
	{ "name": "bone7", "parent": "bone6", "length": 285.85, "rotation": -5.4, "x": 52.51, "y": -64.41 },
	{ "name": "bone8", "parent": "bone6", "length": 148.87, "rotation": 38.19, "x": 155.58, "y": 93.08 },
	{ "name": "bone9", "parent": "bone6", "length": 21.27, "rotation": -172.98, "x": 143.11, "y": -61.69 },
	{ "name": "bone10", "parent": "bone6", "x": 105.84, "y": 21.86 },
	{ "name": "bone11", "parent": "bone6", "x": 138.72, "y": 32.71 },
	{ "name": "bone12", "parent": "bone6", "x": 42.85, "y": 29.91 },
	{ "name": "bone13", "parent": "bone9", "length": 32.94, "rotation": -4.02, "x": 21.27 },
	{ "name": "bone14", "parent": "bone13", "length": 23.54, "rotation": -3.68, "x": 32.94 },
	{ "name": "bone15", "parent": "bone14", "length": 22.79, "rotation": -4.52, "x": 23.54 },
	{ "name": "bone16", "parent": "bone15", "length": 24.33, "rotation": -5.19, "x": 22.79 },
	{ "name": "bone81", "parent": "bone6", "x": 42.85, "y": 29.91 },
	{ "name": "bone82", "parent": "bone81", "x": 3.72, "y": 9.92 },
	{ "name": "bone83", "parent": "bone82", "length": 5.75, "rotation": 100.67, "x": 0.17, "y": 0.1 },
	{ "name": "bone84", "parent": "bone83", "length": 5.84, "rotation": -20.66, "x": 5.75 },
	{ "name": "bone85", "parent": "bone82", "length": 9.7, "rotation": -103.83, "x": 0.24, "y": -0.46 },
	{ "name": "bone86", "parent": "bone85", "length": 10.08, "rotation": 16.21, "x": 9.7 }
],
"slots": [
	{ "name": "bg", "bone": "root" },
	{ "name": "res/fa", "bone": "bone9", "attachment": "res/fa" },
	{ "name": "res/shen", "bone": "bone", "attachment": "res/shen" },
	{ "name": "res/er2", "bone": "bone8", "attachment": "res/er2" },
	{ "name": "res/tou", "bone": "bone6", "attachment": "res/tou" },
	{ "name": "res/yanjing01", "bone": "bone10", "attachment": "res/yanjing01" },
	{ "name": "res/meimao", "bone": "bone11", "attachment": "res/meimao" },
	{ "name": "res/zui1", "bone": "bone12", "attachment": "res/zui2" },
	{ "name": "res/zui2", "bone": "bone82" },
	{ "name": "qg", "bone": "root" },
	{ "name": "res/er1", "bone": "bone7", "attachment": "res/er1" }
],
"skins": [
	{
		"name": "default",
		"attachments": {
			"res/fa": {
				"res/fa": {
					"type": "mesh",
					"uvs": [ 0.48895, 0, 0.55782, 0, 0.72735, 0.13804, 0.82271, 0.27199, 0.82801, 0.47462, 0.78563, 0.65321, 0.70351, 0.79746, 0.65583, 0.90736, 0.57106, 1, 0.42007, 1, 0.21876, 0.97777, 0.08631, 0.90221, 0.05982, 0.76827, 0, 0.63432, 0, 0.5124, 0, 0.40765, 0.04128, 0.29088, 0.12074, 0.17926, 0.232, 0.07794, 0.41213, 0.04359, 0.40948, 0.13835, 0.44127, 0.24997, 0.46246, 0.36674, 0.4704, 0.52472, 0.47305, 0.66039, 0.46246, 0.80463, 0.43067, 0.91454, 0.53133, 0.10744, 0.60815, 0.24481, 0.64788, 0.37532, 0.63993, 0.53846, 0.61345, 0.69473, 0.57106, 0.81837, 0.53398, 0.90767, 0.27703, 0.13491, 0.25054, 0.25683, 0.25054, 0.37876, 0.23995, 0.53674, 0.22405, 0.65352, 0.22405, 0.79433, 0.27438, 0.89908 ],
					"triangles": [ 40, 39, 25, 11, 12, 39, 11, 39, 40, 7, 32, 6, 33, 25, 32, 33, 32, 7, 26, 40, 25, 26, 25, 33, 10, 11, 40, 9, 40, 26, 10, 40, 9, 8, 33, 7, 9, 26, 33, 8, 9, 33, 31, 24, 30, 12, 13, 38, 24, 39, 38, 12, 38, 39, 6, 31, 5, 38, 37, 24, 32, 25, 24, 25, 39, 24, 31, 32, 24, 32, 31, 6, 37, 14, 15, 30, 23, 29, 13, 14, 37, 5, 30, 4, 38, 13, 37, 24, 23, 30, 31, 30, 5, 37, 36, 23, 24, 37, 23, 22, 21, 28, 29, 28, 3, 22, 28, 29, 36, 16, 35, 15, 16, 36, 29, 3, 4, 23, 22, 29, 36, 37, 15, 36, 35, 21, 22, 36, 21, 30, 29, 4, 36, 22, 23, 27, 0, 1, 19, 0, 27, 34, 18, 19, 27, 1, 2, 20, 34, 19, 20, 19, 27, 17, 18, 34, 28, 27, 2, 21, 20, 27, 21, 27, 28, 35, 17, 34, 28, 2, 3, 35, 16, 17, 35, 34, 20, 35, 20, 21 ],
					"vertices": [ 1, 9, -14.25, 8.97, 1, 2, 9, -13.6, 15.66, 0.99914, 13, -35.88, 13.18, 8.6E-4, 3, 9, 7.87, 29.59, 0.74931, 13, -15.44, 28.58, 0.24998, 14, -50.12, 25.41, 7.1E-4, 3, 9, 28.06, 36.63, 0.2835, 13, 4.21, 37.02, 0.66805, 14, -31.04, 35.1, 0.04844, 4, 9, 57.36, 34.28, 0.01005, 13, 33.6, 36.73, 0.52676, 14, -1.7, 36.7, 0.4076, 15, -28.05, 34.59, 0.05559, 4, 13, 59.38, 32.05, 0.08392, 14, 24.33, 33.68, 0.47618, 15, -1.87, 33.64, 0.43093, 16, -27.6, 31.28, 0.00896, 4, 13, 80.08, 23.78, 8.5E-4, 14, 45.52, 26.75, 0.09419, 15, 19.8, 28.4, 0.61226, 16, -5.54, 28.02, 0.2927, 3, 14, 61.61, 22.87, 0.00348, 15, 36.15, 25.8, 0.2191, 16, 10.97, 26.9, 0.77741, 2, 15, 50.42, 19.45, 0.02763, 16, 25.75, 21.86, 0.97237, 1, 16, 28.67, 7.97, 1, 2, 15, 51.06, -13.82, 0.00659, 16, 29.4, -11.21, 0.99341, 3, 14, 62.87, -30.65, 0.0047, 15, 41.62, -27.46, 0.11523, 16, 21.24, -25.64, 0.88008, 4, 13, 74.23, -36.6, 0.01537, 14, 43.55, -33.87, 0.10312, 15, 22.62, -32.19, 0.43827, 16, 2.74, -32.07, 0.44325, 4, 13, 54.66, -41.7, 0.13344, 14, 24.36, -40.22, 0.34798, 15, 3.99, -40.03, 0.42692, 16, -15.11, -41.56, 0.09165, 5, 9, 55.28, -43.71, 0.01263, 13, 36.99, -41.22, 0.38077, 14, 6.69, -40.88, 0.39198, 15, -13.57, -42.08, 0.20395, 16, -32.41, -45.19, 0.01067, 5, 9, 40.16, -42.24, 0.07811, 13, 21.81, -40.82, 0.60254, 14, -8.49, -41.45, 0.2466, 15, -28.66, -43.84, 0.07271, 16, -47.28, -48.31, 4.0E-5, 4, 9, 23.68, -36.74, 0.2925, 13, 4.98, -36.48, 0.61336, 14, -25.55, -38.2, 0.08082, 15, -45.93, -41.95, 0.01332, 4, 9, 8.3, -27.74, 0.69988, 13, -10.99, -28.58, 0.29129, 14, -42.01, -31.35, 0.00862, 15, -62.87, -36.41, 2.2E-4, 2, 9, -5.31, -15.91, 0.97522, 13, -25.4, -17.74, 0.02478, 1, 9, -8.63, 1.42, 1, 2, 9, 5.02, -0.15, 0.99998, 13, -16.2, -1.29, 2.0E-5, 2, 9, 21.42, 1.25, 0.46872, 13, 0.06, 1.26, 0.53128, 2, 13, 17.04, 2.8, 0.99946, 14, -16.05, 1.77, 5.4E-4, 3, 13, 39.96, 2.93, 0.02352, 14, 6.82, 3.38, 0.97519, 15, -16.93, 2.05, 0.00128, 3, 13, 59.63, 2.65, 1.6E-4, 14, 26.47, 4.36, 0.19741, 15, 2.58, 4.58, 0.80244, 3, 14, 47.4, 4.15, 0.00107, 15, 23.47, 6.02, 0.49221, 16, 0.13, 6.05, 0.50672, 2, 15, 39.64, 4.9, 0.00677, 16, 16.34, 6.4, 0.99323, 2, 9, 1.67, 11.68, 0.97741, 13, -20.37, 10.28, 0.02259, 3, 9, 22.19, 16.94, 0.4594, 13, -0.27, 16.96, 0.53455, 14, -34.23, 14.79, 0.00604, 4, 9, 41.39, 18.82, 0.0531, 13, 18.75, 20.19, 0.82072, 14, -15.46, 19.24, 0.1242, 15, -40.39, 16.1, 0.00198, 3, 13, 42.38, 18.81, 0.25163, 14, 8.21, 19.38, 0.64092, 15, -16.8, 18.11, 0.10744, 4, 13, 64.96, 15.71, 0.01176, 14, 30.95, 17.74, 0.27479, 15, 5.99, 18.27, 0.6766, 16, -18.38, 16.67, 0.03685, 3, 14, 49.01, 14.43, 0.02136, 15, 24.26, 16.39, 0.49352, 16, -0.02, 16.46, 0.48512, 3, 14, 62.08, 11.43, 1.1E-4, 15, 37.53, 14.43, 0.09896, 16, 13.37, 15.7, 0.90093, 2, 9, 3.32, -12.5, 0.95355, 13, -17.03, -13.73, 0.04645, 4, 9, 20.67, -16.69, 0.4881, 13, 0.58, -16.69, 0.49928, 14, -31.22, -18.73, 0.01185, 15, -53.11, -22.99, 7.7E-4, 4, 9, 38.27, -18.4, 0.06635, 13, 18.25, -17.16, 0.81338, 14, -13.56, -18.07, 0.10522, 15, -35.56, -20.94, 0.01505, 5, 9, 60.97, -21.61, 9.1E-4, 13, 41.12, -18.77, 0.23763, 14, 9.37, -18.21, 0.59928, 15, -12.69, -19.27, 0.15771, 16, -33.59, -22.39, 0.00447, 4, 13, 58.01, -20.72, 0.04439, 14, 26.35, -19.06, 0.3154, 15, 4.3, -18.78, 0.56448, 16, -16.71, -20.38, 0.07573, 4, 13, 78.42, -21.26, 0.00168, 14, 46.75, -18.3, 0.02773, 15, 24.58, -16.41, 0.3764, 16, 3.27, -16.18, 0.59419, 3, 14, 61.75, -13, 7.0E-5, 15, 39.12, -9.95, 0.02117, 16, 17.16, -8.43, 0.97876 ],
					"hull": 20,
					"edges": [ 0, 2, 2, 4, 4, 6, 6, 8, 8, 10, 10, 12, 12, 14, 14, 16, 16, 18, 18, 20, 20, 22, 22, 24, 24, 26, 26, 28, 28, 30, 30, 32, 32, 34, 34, 36, 36, 38, 0, 38 ],
					"width": 94,
					"height": 145
				}
			},
			"res/shen": {
				"res/shen": {
					"type": "mesh",
					"uvs": [ 0.47381, 0, 0.4138, 0.02428, 0.38868, 0.06522, 0.42306, 0.10429, 0.44818, 0.13034, 0.44157, 0.14616, 0.38868, 0.14057, 0.33578, 0.14616, 0.29195, 0.17773, 0.26984, 0.23431, 0.14421, 0.29229, 0.02963, 0.35664, 0.01556, 0.43372, 0.03963, 0.53013, 0.10496, 0.61499, 0.18536, 0.68995, 0.2115, 0.71894, 0.17833, 0.79319, 0.14013, 0.86249, 0.10596, 0.9424, 0.09692, 1, 0.18838, 1, 0.44065, 1, 0.69111, 1, 0.96935, 1, 0.9728, 0.90281, 0.9636, 0.73213, 0.959, 0.69977, 1, 0.64153, 1, 0.57601, 0.97739, 0.53963, 0.97969, 0.45955, 0.92221, 0.41587, 0.99004, 0.36733, 0.93715, 0.31718, 0.99579, 0.28159, 0.87737, 0.24518, 0.87162, 0.20393, 0.84168, 0.16433, 0.77674, 0.13594, 0.71398, 0.12699, 0.67029, 0.12196, 0.63931, 0.10184, 0.6266, 0.08004, 0.63931, 0.05098, 0.62819, 0.02192, 0.58529, 0.00347, 0.52809, 0, 0.47709, 0.14955, 0.53362, 0.14828, 0.5813, 0.13396, 0.61661, 0.11467, 0.4955, 0.02774, 0.51675, 0.07496, 0.53358, 0.10975, 0.45668, 0.05945, 0.47439, 0.10357, 0.5865, 0.05255, 0.58038, 0.10102, 0.50027, 0.21457, 0.49488, 0.23616, 0.421, 0.32888, 0.40134, 0.49903, 0.40873, 0.65011, 0.49737, 0.83743, 0.59674, 0.9453, 0.6898, 0.26344, 0.74235, 0.45259, 0.79498, 0.71157, 0.79158, 0.89694, 0.3722, 0.26489, 0.31282, 0.41475, 0.31486, 0.61916, 0.33852, 0.79435, 0.28089, 0.89596 ],
					"triangles": [ 66, 41, 40, 66, 40, 39, 50, 41, 66, 34, 36, 35, 32, 36, 34, 32, 34, 33, 66, 39, 36, 38, 36, 39, 37, 36, 38, 67, 36, 32, 67, 66, 36, 30, 32, 31, 30, 67, 32, 30, 68, 67, 30, 29, 28, 27, 30, 28, 27, 68, 30, 68, 27, 26, 69, 68, 26, 69, 26, 25, 69, 65, 68, 24, 69, 25, 23, 69, 24, 49, 54, 50, 48, 54, 49, 4, 56, 48, 5, 4, 48, 59, 48, 49, 59, 5, 48, 70, 7, 6, 8, 7, 70, 9, 8, 70, 70, 6, 5, 70, 60, 61, 5, 60, 70, 5, 59, 60, 71, 9, 70, 71, 70, 61, 10, 9, 71, 62, 71, 61, 59, 49, 50, 66, 59, 50, 10, 12, 11, 71, 12, 10, 71, 13, 12, 14, 13, 71, 72, 71, 62, 14, 71, 72, 67, 63, 62, 72, 62, 63, 60, 59, 66, 61, 60, 66, 61, 66, 67, 15, 14, 72, 16, 15, 72, 73, 72, 63, 16, 72, 73, 17, 16, 73, 61, 67, 62, 68, 63, 67, 68, 64, 63, 73, 63, 64, 74, 17, 73, 18, 17, 74, 68, 65, 64, 21, 18, 74, 19, 18, 21, 20, 19, 21, 22, 73, 64, 22, 64, 65, 74, 73, 22, 21, 74, 22, 23, 65, 69, 22, 65, 23, 52, 0, 47, 57, 46, 45, 57, 45, 44, 55, 1, 0, 55, 0, 52, 2, 1, 55, 53, 52, 47, 55, 52, 53, 57, 53, 47, 57, 47, 46, 43, 57, 44, 58, 53, 57, 58, 57, 43, 56, 55, 53, 3, 2, 55, 3, 55, 56, 54, 53, 58, 56, 53, 54, 51, 58, 43, 51, 43, 42, 4, 3, 56, 50, 58, 51, 54, 58, 50, 48, 56, 54, 51, 42, 41, 50, 51, 41 ],
					"vertices": [ 1, 2, 65.18, 37.32, 1, 2, 2, 47.4, 58, 0.99091, 1, 354.74, 44.95, 0.00909, 2, 2, 23.03, 63.44, 0.94733, 1, 332.38, 56.07, 0.05267, 2, 2, 4.06, 46.04, 0.77733, 1, 309.8, 43.72, 0.22267, 2, 2, -8.42, 33.59, 0.38754, 1, 294.7, 34.63, 0.61246, 2, 2, -17.6, 34.49, 0.11926, 1, 285.99, 37.7, 0.88074, 2, 2, -18.43, 55.55, 0.00648, 1, 290.24, 58.35, 0.99352, 1, 1, 288.24, 79.32, 1, 1, 1, 271.52, 97.52, 1, 1, 1, 240.35, 107.93, 1, 1, 1, 210.6, 159.11, 1, 1, 1, 177.05, 206.14, 1, 1, 1, 134.25, 214, 1, 1, 1, 79.83, 207.45, 1, 1, 1, 30.99, 184.31, 1, 2, 1, -12.64, 154.94, 0.99983, 5, -121.73, -255.59, 1.7E-4, 2, 1, -29.4, 145.54, 0.99771, 5, -102.55, -257.03, 0.00229, 2, 1, -70.22, 160.83, 0.9884, 5, -77.01, -292.35, 0.0116, 2, 1, -108.16, 177.95, 0.98295, 5, -54.88, -327.6, 0.01705, 2, 1, -152.11, 193.81, 0.98163, 5, -27.04, -365.12, 0.01837, 2, 1, -184.13, 199.11, 0.98163, 5, -3.29, -387.25, 0.01837, 2, 1, -186.08, 163.13, 0.97191, 5, 18.23, -358.35, 0.02809, 2, 1, -191.44, 63.88, 0.8256, 5, 77.6, -278.64, 0.1744, 2, 1, -196.77, -34.66, 0.53891, 5, 136.55, -199.5, 0.46109, 2, 1, -202.69, -144.13, 0.34643, 5, 202.04, -111.58, 0.65357, 2, 1, -148.42, -148.42, 0.32314, 5, 159.2, -77.98, 0.67686, 2, 1, -52.78, -149.96, 0.14669, 5, 80.38, -23.79, 0.85331, 2, 1, -34.58, -149.13, 0.07723, 5, 64.76, -14.42, 0.92277, 2, 5, 48.26, 18.02, 0.9974, 4, 245.82, 34.84, 0.0026, 2, 5, 18.83, 39.94, 0.68855, 4, 210.32, 44.09, 0.31145, 2, 5, -2.83, 44.96, 0.26308, 4, 188.36, 40.61, 0.73692, 2, 5, -38.25, 72.48, 0.00102, 4, 145.19, 52.79, 0.99898, 1, 4, 115.81, 37.04, 1, 1, 4, 96.25, 69.76, 1, 1, 4, 63.81, 56.68, 1, 1, 4, 50.35, 84.06, 1, 2, 4, 18.86, 44.05, 0.9827, 3, 84.99, 9.54, 0.0173, 2, 4, -4.07, 47.69, 0.77743, 3, 74.94, 30.46, 0.22257, 3, 2, 1.88, -122.28, 0.00478, 4, -28.5, 41.86, 0.46022, 3, 56.26, 47.25, 0.535, 3, 2, 12.71, -94.17, 0.03419, 4, -50.34, 21.11, 0.12477, 3, 26.77, 53.41, 0.84104, 4, 2, 13.01, -68.94, 0.1198, 1, 290.91, -70.05, 0.0126, 4, -61.42, -1.55, 0.01112, 3, 1.82, 49.64, 0.85648, 3, 2, 12.56, -51.5, 0.29859, 1, 294.66, -53.01, 0.07059, 3, -15.31, 46.39, 0.63083, 3, 2, 21.34, -37.4, 0.64382, 1, 306.57, -41.43, 0.06994, 3, -30.64, 52.79, 0.28625, 3, 2, 32.4, -30.2, 0.8908, 1, 319.03, -37.09, 0.01297, 3, -39.53, 62.54, 0.09623, 2, 2, 49.32, -32.08, 0.9816, 3, -40.41, 79.54, 0.0184, 2, 2, 64.49, -24.73, 0.99753, 3, -50.11, 93.33, 0.00247, 1, 2, 71.48, -6.19, 1, 1, 2, 69.17, 16.31, 1, 2, 2, -16.85, 20.39, 0.12269, 1, 283.34, 23.83, 0.87731, 1, 1, 282.85, 1.55, 1, 3, 2, -0.6, -18.31, 0.41862, 1, 289.84, -17.64, 0.42797, 3, -45.95, 28.06, 0.15341, 3, 2, 12.61, -29.96, 0.61788, 1, 299.88, -32.11, 0.11623, 3, -36.58, 42.97, 0.26588, 1, 2, 51.51, 26.02, 1, 2, 2, 27.1, 12.85, 0.99558, 1, 324.21, 5.97, 0.00442, 1, 2, 9.2, 2.69, 1, 2, 2, 31.21, 37.72, 0.96212, 1, 334.15, 29.14, 0.03788, 2, 2, 8.24, 26.25, 0.73147, 1, 309.11, 23.5, 0.26853, 2, 2, 44.57, -11.8, 0.99121, 3, -59.65, 71.59, 0.00879, 3, 2, 17.45, -14.51, 0.88395, 1, 308.28, -18.27, 0.04182, 3, -52.61, 45.26, 0.07423, 1, 1, 246.49, 16.68, 1, 1, 1, 234.53, 19.45, 1, 1, 1, 184.25, 51.32, 1, 1, 1, 89.53, 64.2, 1, 2, 1, 4.89, 65.86, 0.9994, 5, -87.05, -171.68, 6.0E-4, 2, 1, -101.74, 36.65, 0.83229, 5, 17.94, -206.33, 0.16771, 2, 1, -164.17, 0.81, 0.65899, 5, 89.77, -211.01, 0.34101, 3, 1, 215.13, -56.41, 0.17063, 4, 10.12, -30.04, 0.34642, 3, 19.07, -25.41, 0.48295, 2, 1, 108.24, -71.37, 0.28114, 4, 117.84, -36.72, 0.71886, 3, 1, -37.69, -84.24, 0.34791, 5, 31.46, -70.19, 0.6249, 4, 263.41, -53.22, 0.02719, 2, 1, -141.28, -77.3, 0.42345, 5, 113.91, -133.27, 0.57655, 1, 1, 221.07, 68.59, 1, 1, 1, 138.54, 96.48, 1, 1, 1, 24.19, 101.86, 1, 2, 1, -74.28, 97.84, 0.96392, 5, -38.79, -242.12, 0.03608, 2, 1, -129.87, 123.59, 0.95176, 5, -6.72, -294.32, 0.04824 ],
					"hull": 48,
					"edges": [ 0, 2, 2, 4, 4, 6, 6, 8, 8, 10, 10, 12, 12, 14, 14, 16, 16, 18, 18, 20, 20, 22, 22, 24, 24, 26, 26, 28, 28, 30, 30, 32, 32, 34, 34, 36, 36, 38, 38, 40, 40, 42, 42, 44, 44, 46, 46, 48, 48, 50, 50, 52, 52, 54, 54, 56, 56, 58, 58, 60, 60, 62, 62, 64, 64, 66, 66, 68, 68, 70, 70, 72, 72, 74, 74, 76, 76, 78, 78, 80, 80, 82, 82, 84, 84, 86, 86, 88, 88, 90, 90, 92, 92, 94, 0, 94, 118, 120 ],
					"width": 394,
					"height": 560
				}
			},
			"res/tou": {
				"res/tou": { "x": 122.86, "y": 13.16, "rotation": -88.53, "width": 322, "height": 268 }
			},
			"res/yanjing01": {
				"res/yanjing01": { "rotation": -88.53, "width": 145, "height": 49 },
				"res/yanjing02": { "rotation": -88.53, "width": 145, "height": 49 },
				"res/yanjing03": { "rotation": -88.53, "width": 145, "height": 49 }
			},
			"res/zui1": {
				"res/zui1": { "rotation": -88.53, "width": 53, "height": 38 },
				"res/zui2": { "x": 4.53, "y": 4.77, "rotation": 271.47, "width": 48, "height": 23 }
			},
			"res/zui2": {
				"res/zui1": { "x": -3.72, "y": -9.92, "rotation": -88.53, "width": 53, "height": 38 },
				"res/zui2": {
					"type": "mesh",
					"uvs": [ 0.04835, 0.38887, 0.12406, 0.27896, 0.22281, 0.18622, 0.33308, 0.09005, 0.46803, 0.04883, 0.55197, 0.17248, 0.66389, 0.30987, 0.77251, 0.25835, 0.92393, 0.2927, 0.98482, 0.48504, 0.99634, 0.70487, 0.91076, 0.90409, 0.75276, 0.97965, 0.61945, 0.87661, 0.44499, 0.88691, 0.29851, 0.93156, 0.13229, 0.856, 0.03189, 0.68083, 0.01708, 0.54687, 0.14381, 0.49877, 0.26395, 0.59151, 0.38245, 0.52626, 0.19812, 0.58121, 0.3232, 0.53312, 0.47462, 0.56061, 0.55855, 0.63618, 0.65072, 0.67053, 0.72643, 0.65679, 0.82518, 0.61558, 0.90253, 0.57093, 0.19812, 0.36825, 0.29358, 0.30299, 0.445, 0.25491, 0.54704, 0.33392, 0.63262, 0.40605, 0.72972, 0.43697, 0.85974, 0.41637, 0.2656, 0.45412, 0.37422, 0.41634, 0.47791, 0.42665, 0.58983, 0.50909, 0.67212, 0.53314, 0.77909, 0.54688, 0.84328, 0.5091, 0.10595, 0.59151, 0.17014, 0.74607, 0.29851, 0.80447, 0.45322, 0.78043, 0.6392, 0.79761, 0.78238, 0.84914, 0.87784, 0.79419, 0.94038, 0.67741, 0.27876, 0.69112, 0.41372, 0.65334, 0.53222, 0.70831, 0.77909, 0.76327, 0.86961, 0.70489 ],
					"triangles": [ 15, 46, 14, 14, 46, 47, 46, 53, 47, 46, 52, 53, 12, 13, 49, 12, 49, 11, 49, 48, 55, 48, 49, 13, 49, 50, 11, 10, 50, 51, 10, 11, 50, 48, 26, 55, 26, 27, 55, 13, 47, 48, 49, 55, 50, 48, 54, 26, 55, 56, 50, 50, 56, 51, 56, 27, 28, 56, 55, 27, 56, 28, 51, 51, 9, 10, 28, 29, 51, 51, 29, 9, 27, 26, 41, 26, 25, 41, 27, 42, 28, 27, 41, 42, 28, 43, 29, 28, 42, 43, 29, 43, 9, 43, 42, 35, 40, 34, 41, 42, 41, 35, 41, 34, 35, 43, 36, 9, 43, 35, 36, 36, 8, 9, 34, 6, 35, 35, 7, 36, 35, 6, 7, 36, 7, 8, 14, 47, 13, 48, 47, 54, 47, 53, 54, 54, 25, 26, 54, 53, 25, 53, 24, 25, 53, 21, 24, 25, 40, 41, 25, 24, 40, 24, 39, 40, 24, 21, 39, 40, 39, 34, 39, 33, 34, 33, 39, 32, 39, 38, 32, 34, 33, 6, 33, 5, 6, 33, 32, 5, 32, 4, 5, 16, 46, 15, 16, 45, 46, 16, 17, 45, 45, 52, 46, 52, 22, 20, 52, 45, 22, 17, 44, 45, 45, 44, 22, 53, 52, 20, 17, 18, 44, 44, 19, 22, 44, 18, 19, 20, 22, 37, 22, 19, 37, 18, 0, 19, 19, 30, 37, 19, 0, 30, 37, 30, 31, 0, 1, 30, 30, 1, 31, 1, 2, 31, 53, 20, 23, 23, 21, 53, 23, 20, 37, 21, 23, 38, 23, 37, 38, 21, 38, 39, 37, 31, 38, 38, 31, 32, 32, 31, 3, 31, 2, 3, 32, 3, 4 ],
					"vertices": [ 2, 19, 15.71, -5.65, 3.6E-4, 20, 11.31, -1.77, 0.99964, 3, 19, 11.72, -7.57, 0.06622, 20, 8.25, -4.97, 0.9294, 21, -14.33, 1.82, 0.00438, 3, 19, 6.7, -8.91, 0.40352, 20, 4.03, -8.01, 0.51232, 21, -10.32, 5.13, 0.08416, 3, 19, 1.12, -10.25, 0.59159, 20, -0.72, -11.23, 0.11541, 21, -5.8, 8.66, 0.29301, 4, 19, -5.42, -10.15, 0.47555, 20, -6.88, -13.44, 0.01021, 21, 0.2, 11.28, 0.50904, 22, -5.98, 13.49, 0.00521, 4, 19, -8.95, -6.7, 0.30727, 20, -11.39, -11.46, 1.1E-4, 21, 4.83, 9.6, 0.62002, 22, -2, 10.58, 0.0726, 3, 19, -13.74, -2.72, 0.05232, 21, 10.85, 7.97, 0.31048, 22, 3.32, 7.33, 0.63721, 3, 19, -19.08, -3.06, 0.00128, 21, 15.56, 10.49, 0.02268, 22, 8.56, 8.44, 0.97604, 1, 22, 15.81, 7.53, 1, 1, 22, 18.66, 3.06, 1, 1, 22, 19.14, -2, 1, 1, 22, 14.95, -6.52, 1, 1, 22, 7.34, -8.14, 1, 3, 21, 12.23, -5.17, 0.2684, 22, 0.98, -5.67, 0.70516, 18, -7.7, -11.1, 0.02644, 5, 19, -1.25, 8.7, 0.03781, 20, -9.63, 5.67, 0.00619, 21, 4.21, -7.6, 0.46764, 22, -7.39, -5.77, 0.00162, 18, -8.15, -2.74, 0.48673, 4, 19, 5.85, 8.59, 0.23976, 20, -2.94, 8.07, 0.26238, 21, -2.3, -10.45, 0.05295, 18, -9.36, 4.26, 0.4449, 3, 19, 13.45, 5.6, 0.02774, 20, 5.23, 7.96, 0.9075, 18, -7.82, 12.29, 0.06476, 2, 20, 10.75, 4.96, 0.99883, 18, -3.92, 17.21, 0.00117, 1, 20, 12.06, 2.09, 1, 2, 19, 11.59, -2.42, 0.00105, 20, 6.32, -0.21, 0.99895, 3, 19, 6.24, 0.6, 0.27699, 20, 0.24, 0.74, 0.70047, 18, -1.58, 6.12, 0.02254, 2, 19, 0.39, 0.03, 0.957, 18, 0.07, 0.48, 0.043, 3, 19, 9.32, -0.13, 4.1E-4, 20, 3.39, 1.13, 0.99149, 18, -1.42, 9.29, 0.00809, 3, 19, 3.22, -0.27, 0.99463, 20, -2.28, -1.14, 0.00385, 21, -3.57, -1.3, 0.00151, 2, 19, -3.85, 1.52, 2.0E-4, 21, 3.61, 0.01, 0.99979, 2, 21, 7.95, -0.6, 0.99222, 18, -2.24, -8.04, 0.00778, 3, 21, 12.43, -0.2, 0.00499, 22, 2.56, -0.95, 0.99452, 18, -2.92, -12.48, 4.9E-4, 1, 22, 6.2, -0.69, 1, 1, 22, 10.95, 0.18, 1, 1, 22, 14.68, 1.15, 1, 3, 19, 8.54, -4.97, 0.15985, 20, 4.36, -3.67, 0.82347, 21, -10.36, 0.78, 0.01668, 3, 19, 3.78, -5.72, 0.58681, 20, 0.17, -6.05, 0.27691, 21, -6.34, 3.43, 0.13627, 4, 19, -3.58, -5.65, 0.46099, 20, -6.74, -8.58, 0.01116, 21, 0.38, 6.42, 0.52279, 22, -7.16, 8.76, 0.00506, 3, 19, -8.12, -3.07, 0.2005, 21, 5.58, 5.96, 0.6868, 22, -2.29, 6.87, 0.1127, 3, 19, -11.91, -0.78, 0.05371, 21, 9.98, 5.44, 0.39765, 22, 1.79, 5.15, 0.54864, 3, 19, -16.4, 0.67, 0.00456, 21, 14.67, 5.98, 0.04908, 22, 6.44, 4.36, 0.94636, 1, 22, 12.68, 4.74, 1, 3, 19, 5.66, -2.5, 0.4242, 20, 0.79, -2.38, 0.55772, 21, -6.72, -0.27, 0.01808, 3, 19, 0.37, -2.53, 0.70192, 20, -4.14, -4.26, 0.02222, 21, -1.92, 1.94, 0.27586, 4, 19, -4.5, -1.5, 0.2001, 20, -9.07, -5.02, 4.0E-5, 21, 2.95, 3.02, 0.79068, 22, -5.65, 4.79, 0.00918, 3, 19, -9.5, 1.23, 0.02712, 21, 8.63, 2.61, 0.65974, 22, -0.3, 2.81, 0.31314, 3, 19, -13.31, 2.41, 0.00565, 21, 12.58, 3.12, 0.07114, 22, 3.64, 2.19, 0.92321, 2, 21, 17.62, 4.17, 8.9E-4, 22, 8.77, 1.8, 0.99911, 1, 22, 11.86, 2.62, 1, 2, 20, 7.67, 2.24, 0.99776, 18, -1.77, 13.7, 0.00224, 3, 19, 11.25, 3.39, 0.03641, 20, 3.95, 5.12, 0.89513, 18, -5.25, 10.53, 0.06846, 4, 19, 5.39, 5.7, 0.29043, 20, -2.36, 5.21, 0.26189, 21, -3.07, -7.63, 0.0421, 18, -6.43, 4.34, 0.40558, 5, 19, -2.03, 6.35, 0.01862, 20, -9.53, 3.19, 0.0016, 21, 3.95, -5.14, 0.5403, 22, -6.96, -3.33, 0.0012, 18, -5.69, -3.07, 0.43828, 3, 21, 12.66, -3.16, 0.15348, 22, 1.96, -3.86, 0.83529, 18, -5.86, -12, 0.01123, 1, 22, 8.81, -5.16, 1, 1, 22, 13.42, -3.97, 1, 1, 22, 16.46, -1.33, 1, 4, 19, 5.91, 2.98, 0.4136, 20, -0.91, 2.84, 0.37368, 21, -4.67, -5.36, 0.00634, 18, -3.85, 5.35, 0.20637, 4, 19, -0.63, 3.16, 0.02411, 20, -7.09, 0.7, 4.7E-4, 21, 1.35, -2.82, 0.38961, 18, -2.82, -1.1, 0.5858, 3, 21, 7.17, -2.54, 0.86968, 22, -3.14, -1.73, 0.033, 18, -3.93, -6.82, 0.09732, 1, 22, 8.69, -3.18, 1, 1, 22, 13.05, -1.91, 1 ],
					"hull": 19,
					"edges": [ 0, 2, 2, 4, 4, 6, 6, 8, 8, 10, 10, 12, 12, 14, 14, 16, 16, 18, 18, 20, 20, 22, 22, 24, 24, 26, 26, 28, 28, 30, 30, 32, 32, 34, 34, 36, 0, 36 ],
					"width": 48,
					"height": 23
				}
			},
			"res/er1": {
				"res/er1": { "x": 140.28, "y": 7.16, "rotation": -83.13, "width": 129, "height": 306 }
			},
			"res/er2": {
				"res/er2": { "x": 105.15, "y": -3.09, "rotation": -126.72, "width": 141, "height": 185 }
			},
			"res/meimao": {
				"res/meimao": { "rotation": -88.53, "width": 115, "height": 28 }
			}
		}
	}
],
"animations": {
	"eat1": {
		"slots": {
			"res/zui2": {
				"attachment": [
					{ "time": 1.1667, "name": "res/zui2" }
				]
			},
			"res/zui1": {
				"attachment": [
					{ "time": 0.0333, "name": "res/zui1" },
					{ "time": 1.1667, "name": null }
				]
			},
			"res/yanjing01": {
				"attachment": [
					{ "time": 0.0333, "name": "res/yanjing02" },
					{ "time": 0.0667, "name": "res/yanjing03" },
					{ "time": 1.3, "name": "res/yanjing02" },
					{ "time": 1.3333, "name": "res/yanjing01" }
				]
			}
		},
		"bones": {
			"bone12": {
				"scale": [
					{ "time": 1 },
					{ "time": 1.1667, "x": 0.433, "y": 0.829 }
				]
			},
			"bone82": {
				"translate": [
					{ "time": 1 },
					{ "time": 1.1667, "x": 1.4 },
					{ "time": 1.3333 },
					{ "time": 1.6667, "x": 1.4 },
					{ "time": 2 },
					{ "time": 2.3333, "x": 1.4 },
					{ "time": 2.6667 },
					{ "time": 3, "x": 1.4 },
					{ "time": 4 }
				],
				"scale": [
					{ "time": 1 },
					{ "time": 1.1667, "x": 0.854, "y": 1.021 },
					{ "time": 1.3333, "x": 1.131, "y": 0.986 },
					{ "time": 1.6667, "x": 0.854, "y": 1.021 },
					{ "time": 2, "x": 1.131, "y": 0.986 },
					{ "time": 2.3333, "x": 0.854, "y": 1.021 },
					{ "time": 2.6667, "x": 1.131, "y": 0.986 },
					{ "time": 3, "x": 0.854, "y": 1.021 },
					{ "time": 4 }
				]
			},
			"bone4": {
				"rotate": [
					{},
					{ "time": 0.6667, "angle": 2.4 },
					{ "time": 1.3333 },
					{ "time": 1.6667, "angle": 1.2 },
					{ "time": 2 },
					{ "time": 2.3333, "angle": 1.2 },
					{ "time": 2.6667 },
					{ "time": 3, "angle": 1.2 },
					{ "time": 4 }
				]
			},
			"bone": {
				"translate": [
					{},
					{ "time": 0.6667, "y": -0.47 },
					{ "time": 1.3333 },
					{ "time": 1.6667, "y": -0.47 },
					{ "time": 2 },
					{ "time": 2.3333, "y": -0.47 },
					{ "time": 2.6667 },
					{ "time": 3, "y": -0.24 },
					{ "time": 3.3333, "y": -0.47 },
					{ "time": 4 }
				],
				"scale": [
					{},
					{ "time": 0.6667, "x": 0.99, "y": 1.01 },
					{ "time": 1.3333 },
					{ "time": 1.6667, "x": 0.99, "y": 1.01 },
					{ "time": 2 },
					{ "time": 2.3333, "x": 0.99, "y": 1.01 },
					{ "time": 2.6667 },
					{ "time": 3, "x": 0.995, "y": 1.005 },
					{ "time": 3.3333, "x": 0.99, "y": 1.01 },
					{ "time": 4 }
				]
			},
			"bone6": {
				"rotate": [
					{},
					{ "time": 0.6667, "angle": 1.2 },
					{ "time": 1.3333 },
					{ "time": 1.6667, "angle": 0.6 },
					{ "time": 2 },
					{ "time": 2.3333, "angle": 0.6 },
					{ "time": 2.6667 },
					{ "time": 3, "angle": 0.6 },
					{ "time": 3.3333, "angle": 1.2 },
					{ "time": 4 }
				],
				"translate": [
					{},
					{ "time": 0.6667, "x": -0.78 },
					{ "time": 1.3333 },
					{ "time": 1.6667, "x": -0.39 },
					{ "time": 2 },
					{ "time": 2.3333, "x": -0.39 },
					{ "time": 2.6667 },
					{ "time": 3, "x": -0.39 },
					{ "time": 3.3333, "x": -0.78 },
					{ "time": 4 }
				]
			},
			"bone83": {
				"rotate": [
					{},
					{ "time": 1, "angle": 4.8 },
					{ "time": 1.1667 },
					{ "time": 1.3333, "angle": 4.8 },
					{ "time": 1.6667 },
					{ "time": 2, "angle": 4.8 },
					{ "time": 2.3333 },
					{ "time": 2.6667, "angle": 4.8 },
					{ "time": 3 }
				]
			},
			"bone85": {
				"rotate": [
					{},
					{ "time": 1, "angle": -4.8 },
					{ "time": 1.1667 },
					{ "time": 1.3333, "angle": -4.8 },
					{ "time": 1.6667 },
					{ "time": 2, "angle": -4.8 },
					{ "time": 2.3333 },
					{ "time": 2.6667, "angle": -4.8 },
					{ "time": 3 }
				]
			},
			"bone86": {
				"rotate": [
					{},
					{ "time": 1, "angle": 7.2 },
					{ "time": 1.1667 },
					{ "time": 1.3333, "angle": 7.2 },
					{ "time": 1.6667 },
					{ "time": 2, "angle": 7.2 },
					{ "time": 2.3333 },
					{ "time": 2.6667, "angle": 7.2 },
					{ "time": 3 }
				]
			},
			"bone84": {
				"rotate": [
					{},
					{ "time": 1, "angle": -7.2 },
					{ "time": 1.1667 },
					{ "time": 1.3333, "angle": -7.2 },
					{ "time": 1.6667 },
					{ "time": 2, "angle": -7.2 },
					{ "time": 2.3333 },
					{ "time": 2.6667, "angle": -7.2 },
					{ "time": 3 }
				]
			},
			"bone16": {
				"rotate": [
					{ "angle": -18.9 },
					{ "time": 0.3333, "angle": -25.2 },
					{ "time": 1 },
					{ "time": 1.3333, "angle": -18.9 },
					{ "time": 1.6667, "angle": -25.2 },
					{ "time": 2, "angle": -12.6 },
					{ "time": 2.6667, "angle": -18.9 },
					{ "time": 3, "angle": -25.2 },
					{ "time": 3.6667 },
					{ "time": 4, "angle": -18.9 }
				]
			},
			"bone13": {
				"rotate": [
					{},
					{ "time": 0.6667, "angle": -3.6 },
					{ "time": 1.3333 },
					{ "time": 2, "angle": -3.6 },
					{ "time": 2.6667 },
					{ "time": 3.3333, "angle": -3.6 },
					{ "time": 4 }
				]
			},
			"bone15": {
				"rotate": [
					{ "angle": -20.4 },
					{ "time": 0.6667 },
					{ "time": 1.3333, "angle": -20.4 },
					{ "time": 2 },
					{ "time": 2.6667, "angle": -20.4 },
					{ "time": 3.3333 },
					{ "time": 4, "angle": -20.4 }
				]
			},
			"bone14": {
				"rotate": [
					{ "angle": -1.31 },
					{ "time": 0.3333 },
					{ "time": 1, "angle": -3.6 },
					{ "time": 1.3333, "angle": -1.31 },
					{ "time": 1.6667 },
					{ "time": 2, "angle": -1.8 },
					{ "time": 2.6667, "angle": -1.31 },
					{ "time": 3 },
					{ "time": 3.6667, "angle": -3.6 },
					{ "time": 4, "angle": -1.31 }
				]
			}
		}
	},
	"eat2": {
		"slots": {
			"res/zui1": {
				"attachment": [
					{ "time": 0.0333, "name": "res/zui1" }
				]
			},
			"res/yanjing01": {
				"attachment": [
					{ "time": 0.0333, "name": "res/yanjing02" },
					{ "time": 0.0667, "name": "res/yanjing03" }
				]
			}
		},
		"bones": {
			"bone4": {
				"rotate": [
					{},
					{ "time": 0.6667, "angle": 2.4 },
					{ "time": 1.3333 }
				]
			},
			"bone": {
				"translate": [
					{},
					{ "time": 0.6667, "y": -0.47 },
					{ "time": 1.3333 }
				],
				"scale": [
					{},
					{ "time": 0.6667, "x": 0.99, "y": 1.01 },
					{ "time": 1.3333 }
				]
			},
			"bone6": {
				"rotate": [
					{},
					{ "time": 0.6667, "angle": 1.2 },
					{ "time": 1.3333 }
				],
				"translate": [
					{},
					{ "time": 0.6667, "x": -0.78 },
					{ "time": 1.3333 }
				]
			},
			"bone16": {
				"rotate": [
					{ "angle": -18.9 },
					{ "time": 0.3333, "angle": -25.2 },
					{ "time": 1 },
					{ "time": 1.3333, "angle": -18.9 }
				]
			},
			"bone13": {
				"rotate": [
					{},
					{ "time": 0.6667, "angle": -3.6 },
					{ "time": 1.3333 }
				]
			},
			"bone15": {
				"rotate": [
					{ "angle": -20.4 },
					{ "time": 0.6667 },
					{ "time": 1.3333, "angle": -20.4 }
				]
			},
			"bone14": {
				"rotate": [
					{ "angle": -1.31 },
					{ "time": 0.3333 },
					{ "time": 1, "angle": -3.6 },
					{ "time": 1.3333, "angle": -1.31 }
				]
			}
		}
	},
	"eat3": {
		"slots": {
			"res/zui1": {
				"attachment": [
					{ "name": "res/zui1" }
				]
			},
			"res/yanjing01": {
				"attachment": [
					{ "name": "res/yanjing03" }
				]
			}
		},
		"bones": {
			"bone4": {
				"rotate": [
					{},
					{ "time": 0.6667, "angle": 2.4 },
					{ "time": 1.3333 }
				]
			},
			"bone": {
				"translate": [
					{},
					{ "time": 0.6667, "y": -0.47 },
					{ "time": 1.3333 }
				],
				"scale": [
					{},
					{ "time": 0.6667, "x": 0.99, "y": 1.01 },
					{ "time": 1.3333 }
				]
			},
			"bone6": {
				"rotate": [
					{},
					{ "time": 0.6667, "angle": 1.2 },
					{ "time": 1.3333 }
				],
				"translate": [
					{},
					{ "time": 0.6667, "x": -0.78 },
					{ "time": 1.3333 }
				]
			},
			"bone16": {
				"rotate": [
					{ "angle": -18.9 },
					{ "time": 0.3333, "angle": -25.2 },
					{ "time": 1 },
					{ "time": 1.3333, "angle": -18.9 }
				]
			},
			"bone13": {
				"rotate": [
					{},
					{ "time": 0.6667, "angle": -3.6 },
					{ "time": 1.3333 }
				]
			},
			"bone15": {
				"rotate": [
					{ "angle": -20.4 },
					{ "time": 0.6667 },
					{ "time": 1.3333, "angle": -20.4 }
				]
			},
			"bone14": {
				"rotate": [
					{ "angle": -1.31 },
					{ "time": 0.3333 },
					{ "time": 1, "angle": -3.6 },
					{ "time": 1.3333, "angle": -1.31 }
				]
			}
		}
	},
	"eat4": {
		"slots": {
			"res/zui2": {
				"attachment": [
					{ "time": 1.1667, "name": "res/zui2" }
				]
			},
			"res/zui1": {
				"attachment": [
					{ "name": "res/zui1" },
					{ "time": 1.1667, "name": null }
				]
			},
			"res/yanjing01": {
				"attachment": [
					{ "name": "res/yanjing03" },
					{ "time": 1.3, "name": "res/yanjing02" },
					{ "time": 1.3333, "name": "res/yanjing01" },
					{ "time": 3.9, "name": "res/yanjing02" },
					{ "time": 3.9333, "name": "res/yanjing03" },
					{ "time": 3.9667, "name": "res/yanjing02" },
					{ "time": 4, "name": "res/yanjing01" }
				]
			}
		},
		"bones": {
			"bone12": {
				"scale": [
					{ "time": 1 },
					{ "time": 1.1667, "x": 0.433, "y": 0.829 }
				]
			},
			"bone82": {
				"translate": [
					{ "time": 1 },
					{ "time": 1.1667, "x": 1.4 },
					{ "time": 1.3333 },
					{ "time": 1.6667, "x": 1.4 },
					{ "time": 2 },
					{ "time": 2.3333, "x": 1.4 },
					{ "time": 2.6667 },
					{ "time": 3, "x": 1.4 },
					{ "time": 4 }
				],
				"scale": [
					{ "time": 1 },
					{ "time": 1.1667, "x": 0.854, "y": 1.021 },
					{ "time": 1.3333, "x": 1.131, "y": 0.986 },
					{ "time": 1.6667, "x": 0.854, "y": 1.021 },
					{ "time": 2, "x": 1.131, "y": 0.986 },
					{ "time": 2.3333, "x": 0.854, "y": 1.021 },
					{ "time": 2.6667, "x": 1.131, "y": 0.986 },
					{ "time": 3, "x": 0.854, "y": 1.021 },
					{ "time": 4 }
				]
			},
			"bone4": {
				"rotate": [
					{},
					{ "time": 0.6667, "angle": 2.4 },
					{ "time": 1.3333 },
					{ "time": 1.6667, "angle": 1.2 },
					{ "time": 2 },
					{ "time": 2.3333, "angle": 1.2 },
					{ "time": 2.6667 },
					{ "time": 3, "angle": 1.2 },
					{ "time": 4 }
				]
			},
			"bone": {
				"translate": [
					{},
					{ "time": 0.6667, "y": -0.47 },
					{ "time": 1.3333 },
					{ "time": 1.6667, "y": -0.47 },
					{ "time": 2 },
					{ "time": 2.3333, "y": -0.47 },
					{ "time": 2.6667 },
					{ "time": 3, "y": -0.24 },
					{ "time": 3.3333, "y": -0.47 },
					{ "time": 4 }
				],
				"scale": [
					{},
					{ "time": 0.6667, "x": 0.99, "y": 1.01 },
					{ "time": 1.3333 },
					{ "time": 1.6667, "x": 0.99, "y": 1.01 },
					{ "time": 2 },
					{ "time": 2.3333, "x": 0.99, "y": 1.01 },
					{ "time": 2.6667 },
					{ "time": 3, "x": 0.995, "y": 1.005 },
					{ "time": 3.3333, "x": 0.99, "y": 1.01 },
					{ "time": 4 }
				]
			},
			"bone6": {
				"rotate": [
					{},
					{ "time": 0.6667, "angle": 1.2 },
					{ "time": 1.3333 },
					{ "time": 1.6667, "angle": 0.6 },
					{ "time": 2 },
					{ "time": 2.3333, "angle": 0.6 },
					{ "time": 2.6667 },
					{ "time": 3, "angle": 0.6 },
					{ "time": 3.3333, "angle": 1.2 },
					{ "time": 4 }
				],
				"translate": [
					{},
					{ "time": 0.6667, "x": -0.78 },
					{ "time": 1.3333 },
					{ "time": 1.6667, "x": -0.39 },
					{ "time": 2 },
					{ "time": 2.3333, "x": -0.39 },
					{ "time": 2.6667 },
					{ "time": 3, "x": -0.39 },
					{ "time": 3.3333, "x": -0.78 },
					{ "time": 4 }
				]
			},
			"bone83": {
				"rotate": [
					{},
					{ "time": 1, "angle": 4.8 },
					{ "time": 1.1667 },
					{ "time": 1.3333, "angle": 4.8 },
					{ "time": 1.6667 },
					{ "time": 2, "angle": 4.8 },
					{ "time": 2.3333 },
					{ "time": 2.6667, "angle": 4.8 },
					{ "time": 3 }
				]
			},
			"bone85": {
				"rotate": [
					{},
					{ "time": 1, "angle": -4.8 },
					{ "time": 1.1667 },
					{ "time": 1.3333, "angle": -4.8 },
					{ "time": 1.6667 },
					{ "time": 2, "angle": -4.8 },
					{ "time": 2.3333 },
					{ "time": 2.6667, "angle": -4.8 },
					{ "time": 3 }
				]
			},
			"bone86": {
				"rotate": [
					{},
					{ "time": 1, "angle": 7.2 },
					{ "time": 1.1667 },
					{ "time": 1.3333, "angle": 7.2 },
					{ "time": 1.6667 },
					{ "time": 2, "angle": 7.2 },
					{ "time": 2.3333 },
					{ "time": 2.6667, "angle": 7.2 },
					{ "time": 3 }
				]
			},
			"bone84": {
				"rotate": [
					{},
					{ "time": 1, "angle": -7.2 },
					{ "time": 1.1667 },
					{ "time": 1.3333, "angle": -7.2 },
					{ "time": 1.6667 },
					{ "time": 2, "angle": -7.2 },
					{ "time": 2.3333 },
					{ "time": 2.6667, "angle": -7.2 },
					{ "time": 3 }
				]
			},
			"bone16": {
				"rotate": [
					{ "angle": -18.9 },
					{ "time": 0.3333, "angle": -25.2 },
					{ "time": 1 },
					{ "time": 1.3333, "angle": -18.9 },
					{ "time": 1.6667, "angle": -25.2 },
					{ "time": 2, "angle": -12.6 },
					{ "time": 2.6667, "angle": -18.9 },
					{ "time": 3, "angle": -25.2 },
					{ "time": 3.6667 },
					{ "time": 4, "angle": -18.9 }
				]
			},
			"bone13": {
				"rotate": [
					{},
					{ "time": 0.6667, "angle": -3.6 },
					{ "time": 1.3333 },
					{ "time": 2, "angle": -3.6 },
					{ "time": 2.6667 },
					{ "time": 3.3333, "angle": -3.6 },
					{ "time": 4 }
				]
			},
			"bone15": {
				"rotate": [
					{ "angle": -20.4 },
					{ "time": 0.6667 },
					{ "time": 1.3333, "angle": -20.4 },
					{ "time": 2 },
					{ "time": 2.6667, "angle": -20.4 },
					{ "time": 3.3333 },
					{ "time": 4, "angle": -20.4 }
				]
			},
			"bone14": {
				"rotate": [
					{ "angle": -1.31 },
					{ "time": 0.3333 },
					{ "time": 1, "angle": -3.6 },
					{ "time": 1.3333, "angle": -1.31 },
					{ "time": 1.6667 },
					{ "time": 2, "angle": -1.8 },
					{ "time": 2.6667, "angle": -1.31 },
					{ "time": 3 },
					{ "time": 3.6667, "angle": -3.6 },
					{ "time": 4, "angle": -1.31 }
				]
			}
		}
	},
	"idle": {
		"slots": {
			"res/yanjing01": {
				"attachment": [
					{ "time": 2.6667, "name": "res/yanjing02" },
					{ "time": 2.7, "name": "res/yanjing03" },
					{ "time": 2.7333, "name": "res/yanjing02" },
					{ "time": 2.7667, "name": "res/yanjing01" }
				]
			}
		},
		"bones": {
			"bone": {
				"translate": [
					{},
					{ "time": 1.3333, "y": -0.47 },
					{ "time": 2.6667 },
					{ "time": 4, "y": -0.47 },
					{ "time": 5.3333 }
				],
				"scale": [
					{},
					{ "time": 1.3333, "x": 0.99, "y": 1.01 },
					{ "time": 2.6667 },
					{ "time": 4, "x": 0.99, "y": 1.01 },
					{ "time": 5.3333 }
				]
			},
			"bone6": {
				"rotate": [
					{},
					{ "time": 1.3333, "angle": 1.2 },
					{ "time": 2.6667 },
					{ "time": 4, "angle": 1.2 },
					{ "time": 5.3333 }
				],
				"translate": [
					{},
					{ "time": 1.3333, "x": -0.78 },
					{ "time": 2.6667 },
					{ "time": 4, "x": -0.78 },
					{ "time": 5.3333 }
				]
			},
			"bone4": {
				"rotate": [
					{},
					{ "time": 1.3333, "angle": 2.4 },
					{ "time": 2.6667 },
					{ "time": 4, "angle": 2.4 },
					{ "time": 5.3333 }
				]
			},
			"bone13": {
				"rotate": [
					{},
					{ "time": 1.3333, "angle": -3.6 },
					{ "time": 2.6667 },
					{ "time": 4, "angle": -3.6 },
					{ "time": 5.3333 }
				]
			},
			"bone14": {
				"rotate": [
					{ "angle": -1.31 },
					{ "time": 0.6667 },
					{ "time": 2, "angle": -3.6 },
					{ "time": 2.6667, "angle": -1.31 },
					{ "time": 3.3333 },
					{ "time": 4.6667, "angle": -3.6 },
					{ "time": 5.3333, "angle": -1.31 }
				]
			},
			"bone16": {
				"rotate": [
					{ "angle": -18.9 },
					{ "time": 0.6667, "angle": -25.2 },
					{ "time": 2 },
					{ "time": 2.6667, "angle": -18.9 },
					{ "time": 3.3333, "angle": -25.2 },
					{ "time": 4.6667 },
					{ "time": 5.3333, "angle": -18.9 }
				]
			},
			"bone15": {
				"rotate": [
					{ "angle": -20.4 },
					{ "time": 1.3333 },
					{ "time": 2.6667, "angle": -20.4 },
					{ "time": 4 },
					{ "time": 5.3333, "angle": -20.4 }
				]
			}
		}
	}
}
}